Email,First Name,Last Name,Phone
logan.harris.devtest11@gmail.com,Logan,Harris,94771111111
ella.walker.devtest12@gmail.com,Ella,Walker,94772222222
lucas.young.devtest13@gmail.com,Lucas,Young,94773333333
scarlett.king.devtest14@gmail.com,Scarlett,King,94774444444
jack.wright.devtest15@gmail.com,Jack,Wright,94775555555
amelia.scott.devtest16@gmail.com,Amelia,Scott,94776666666
henry.green.devtest17@gmail.com,Henry,Green,94777777777
chloe.adams.devtest18@gmail.com,Chloe,Adams,94778888888
daniel.baker.devtest19@gmail.com,Daniel,Baker,94779999999
zoe.gonzalez.devtest20@gmail.com,Zoe,Gonzalez,94770000001
samuel.nelson.devtest21@gmail.com,Samuel,Nelson,94770000002
harper.carter.devtest22@gmail.com,Harper,Carter,94770000003
david.mitchell.devtest23@gmail.com,David,Mitchell,94770000004
luna.roberts.devtest24@gmail.com,Luna,Roberts,94770000005
matthew.phillips.devtest25@gmail.com,Matthew,Phillips,94770000006
aria.evans.devtest26@gmail.com,Aria,Evans,94770000007
joseph.edwards.devtest27@gmail.com,Joseph,Edwards,94770000008
victoria.collins.devtest28@gmail.com,Victoria,Collins,94770000009
sebastian.stewart.devtest29@gmail.com,Sebastian,Stewart,94770000010
hazel.sanchez.devtest30@gmail.com,Hazel,Sanchez,94770000011